标题,Url
APP(应用程序，Application的缩写) - 百度百科,https://baike.baidu.com/item/%E6%89%8B%E6%9C%BA%E8%BD%AF%E4%BB%B6/7973966?fromtitle=APP&fromid=6133292&fr=aladdin
苹果appstore- Apple,https://www.apple.com/ios/app-store/
中国工商银行中国网站,http://www.icbc.com.cn/
白小极店-专注新零售社交电商营销小程序公众号全渠道APP系统,http://app.ayalm.com/
app吧 - 百度贴吧,http://tieba.baidu.com/f?kw=app&fr=ala0&tpl=5
Apps | Microsoft Windows 10 | Official Site,https://www.microsoft.com/en-us/windows/windows-10-apps
手机软件大全_实用的手机app下载-六皮手游网,https://www.liupi.com/ruanjian/app/
"应用汇安卓市场_海量安卓软件,安卓游戏免费下载 - Appchin...",http://www.appchina.com/
"小游戏,7k7k小游戏,小游戏大全,双人小游戏 - m.7k7k.com",https://www.7k7k.com/
当乐App官网_安卓版当乐App/iOS版下载,https://app.d.cn/
